layer,group_idx,avg_scale,weight_variance
0,0,0.006570314057171345,0.00010952494631055743
0,1,0.006576503627002239,0.00011001838720403612
0,2,0.006576843094080687,0.00011006653221556917
0,3,0.006592579651623964,0.00011014541814802215
0,4,0.0065784696489572525,0.00010965207184199244
0,5,0.006589371245354414,0.00011023325350834057
0,6,0.006589882541447878,0.00011017154611181468
0,7,0.006582365371286869,0.0001102703099604696
0,8,0.00659516267478466,0.00011020296369679272
0,9,0.006599808111786842,0.00011041334073524922
0,10,0.006591085344552994,0.0001105118717532605
0,11,0.00659995386376977,0.00011055080540245399
0,12,0.00659304391592741,0.00011051806359319016
0,13,0.006603689398616552,0.00011047687439713627
0,14,0.006604983005672693,0.00011089516192441806
0,15,0.006604045629501343,0.00011083199933636934
0,16,0.006601954810321331,0.00011087890743510798
0,17,0.006604599766433239,0.00011075840302510187
0,18,0.0065919579938054085,0.00011083440767833963
0,19,0.006613616831600666,0.0001112644313252531
0,20,0.006616045720875263,0.00011089853069279343
0,21,0.006623421795666218,0.00011114554945379496
0,22,0.006613016128540039,0.00011129354243166745
0,23,0.006621764972805977,0.00011129389895359054
0,24,0.006616606377065182,0.00011128600453957915
0,25,0.006633383687585592,0.00011162325972691178
0,26,0.006635506171733141,0.00011162216105731204
0,27,0.0066323839128017426,0.00011192196689080447
0,28,0.006632369011640549,0.00011162371811224148
0,29,0.006629519164562225,0.00011181911395397037
0,30,0.006616813130676746,0.00011171842197654769
0,31,0.006634024903178215,0.00011199204163858667
0,32,0.006640642415732145,0.00011212560639251024
0,33,0.006648320704698563,0.0001119205480790697
0,34,0.006654874421656132,0.00011227604409214109
0,35,0.006641220301389694,0.00011238580191275105
0,36,0.006648206152021885,0.00011260453175054863
0,37,0.006669617258012295,0.00011272938718320802
0,38,0.006664940156042576,0.00011323095532134175
0,39,0.00667301332578063,0.00011330018605804071
0,40,0.006662553176283836,0.00011274474672973156
0,41,0.006696182303130627,0.00011340454511810094
0,42,0.006673840805888176,0.00011326479580020532
0,43,0.006678237114101648,0.00011318303586449474
0,44,0.006675580516457558,0.000113238776975777
0,45,0.006681434344500303,0.00011330330744385719
0,46,0.006689509376883507,0.00011371794244041666
0,47,0.006688278634101152,0.0001137991130235605
0,48,0.00670264195650816,0.00011403037933632731
0,49,0.006686151959002018,0.00011394784087315202
0,50,0.006697137840092182,0.00011403966345824301
0,51,0.006721120327711105,0.00011465438001323491
0,52,0.006720295175909996,0.00011482678382890299
0,53,0.006734607741236687,0.00011499739048304036
0,54,0.006728538777679205,0.00011521636770339683
0,55,0.00674930214881897,0.00011539529805304483
1,0,0.006661556661128998,0.00011286550579825416
1,1,0.006656534969806671,0.00011274791177129373
1,2,0.006675124168395996,0.00011306170927127823
1,3,0.006651311181485653,0.0001126354472944513
1,4,0.0066564432345330715,0.00011279734462732449
1,5,0.006674624979496002,0.00011291215196251869
1,6,0.006660384591668844,0.00011283549247309566
1,7,0.006673107855021954,0.00011287226516287774
1,8,0.006657226011157036,0.00011279308091616258
1,9,0.006663690321147442,0.00011281539627816528
1,10,0.006665732245892286,0.00011297446326352656
1,11,0.006667632609605789,0.00011305279622320086
1,12,0.006669210270047188,0.00011317218013573438
1,13,0.006662364117801189,0.0001130246528191492
1,14,0.006666528061032295,0.00011289147369097918
1,15,0.006672815419733524,0.00011295853619230911
1,16,0.006659677252173424,0.00011284155334578827
1,17,0.006664378102868795,0.00011280250328127295
1,18,0.006652839947491884,0.0001128568546846509
1,19,0.006668104790151119,0.00011293172428850085
1,20,0.006666770204901695,0.00011316526070004329
1,21,0.006678162142634392,0.00011315524898236617
1,22,0.00666785566136241,0.00011297730088699609
1,23,0.006672043353319168,0.00011303793144179508
1,24,0.006666397675871849,0.00011284102220088243
1,25,0.006677017547190189,0.00011326532694511116
1,26,0.006663853768259287,0.00011287849338259548
1,27,0.0066809263080358505,0.00011311251728329808
1,28,0.006686489563435316,0.00011327990796416998
1,29,0.006678094621747732,0.00011332358553772792
1,30,0.006654843688011169,0.00011282866034889594
1,31,0.006671153008937836,0.00011311665002722293
1,32,0.006665700115263462,0.00011340722267050296
1,33,0.006672951392829418,0.00011301005724817514
1,34,0.006665472872555256,0.00011321642523398623
1,35,0.006668456830084324,0.00011313163849990815
1,36,0.006682705134153366,0.00011335659655742347
1,37,0.006673147901892662,0.00011328509572194889
1,38,0.00668184133246541,0.00011334789451211691
1,39,0.006681658793240786,0.00011330327106406912
1,40,0.006680553779006004,0.00011340701166773215
1,41,0.006674610078334808,0.00011330051347613335
1,42,0.006683138199150562,0.00011344262020429596
1,43,0.006691831164062023,0.00011361783981556073
1,44,0.0066831992007792,0.00011362784425728023
1,45,0.00669688219204545,0.00011381283547962084
1,46,0.006684040650725365,0.000113504400360398
1,47,0.006681431084871292,0.00011360408097971231
1,48,0.006683679763227701,0.0001135671409429051
1,49,0.006673422642052174,0.00011345000530127436
1,50,0.006688239052891731,0.00011368642299203202
1,51,0.006697360891848803,0.00011359409108990803
1,52,0.006699114106595516,0.00011388506391085684
1,53,0.0066764685325324535,0.00011343569349264726
1,54,0.0066759707406163216,0.00011367029946995899
1,55,0.006696453783661127,0.00011392866144888103
2,0,0.006666180677711964,0.00011339881166350096
2,1,0.006676490884274244,0.0001134720369009301
2,2,0.006680920720100403,0.00011332939175190404
2,3,0.006686855107545853,0.00011335015733493492
2,4,0.0066898055374622345,0.00011357775656506419
2,5,0.006665149703621864,0.00011318527685943991
2,6,0.006694318726658821,0.000113767157017719
2,7,0.006674841977655888,0.00011338562035234645
2,8,0.006687013432383537,0.00011356444883858785
2,9,0.006680747494101524,0.00011372142762411386
2,10,0.006686998065561056,0.00011352223373251036
2,11,0.00668071024119854,0.00011350952263455838
2,12,0.006705119274556637,0.000113877140393015
2,13,0.00669355783611536,0.00011369511776138097
2,14,0.0066970521584153175,0.00011381215881556273
2,15,0.006677820812910795,0.00011354174057487398
2,16,0.006695098243653774,0.00011400968651287258
2,17,0.006692469585686922,0.00011421614181017503
2,18,0.00671257171779871,0.00011419951624702662
2,19,0.006710848771035671,0.00011428161087678745
2,20,0.006704133003950119,0.00011419427755754441
2,21,0.006709690671414137,0.00011437027569627389
2,22,0.006706570275127888,0.00011429754522396252
2,23,0.006721850018948317,0.00011484492279123515
2,24,0.006719903089106083,0.00011440011439844966
2,25,0.006717214360833168,0.00011468563025118783
2,26,0.006720623932778835,0.00011461788380984217
2,27,0.006709889508783817,0.00011429949518060312
2,28,0.006701529957354069,0.0001146184658864513
2,29,0.006707870401442051,0.0001144242996815592
2,30,0.0067294565960764885,0.00011474575876491144
2,31,0.006712149828672409,0.00011475673818495125
2,32,0.006726320832967758,0.00011488969903439283
2,33,0.006720403209328651,0.00011471340258140117
2,34,0.006717678625136614,0.00011506744340294972
2,35,0.006737864576280117,0.00011510781041579321
2,36,0.006740786135196686,0.00011521093983901665
2,37,0.0067349327728152275,0.0001154476631199941
2,38,0.006729277316480875,0.00011526397429406643
2,39,0.006742922589182854,0.00011546773748705164
2,40,0.006729668006300926,0.00011524567526066676
2,41,0.006744999438524246,0.00011544917651917785
2,42,0.006748423911631107,0.00011555595847312361
2,43,0.006742995698004961,0.00011570192873477936
2,44,0.006746762897819281,0.0001157579172286205
2,45,0.006752952001988888,0.00011605012696236372
2,46,0.006769135594367981,0.00011640034063020721
2,47,0.006752870976924896,0.00011584929598029703
2,48,0.006775681395083666,0.00011625730985542759
2,49,0.006784052588045597,0.00011641359742498025
2,50,0.006785494275391102,0.00011672398977680132
2,51,0.006769967265427113,0.00011678516602842137
2,52,0.006776334717869759,0.00011652328976197168
2,53,0.00679453369230032,0.00011709716636687517
2,54,0.006792236119508743,0.00011719484609784558
2,55,0.006792129948735237,0.00011729983816621825
3,0,0.006521251983940601,0.00010785352787934244
3,1,0.006514187436550856,0.00010772630776045844
3,2,0.006526730488985777,0.00010797366121551022
3,3,0.006526898592710495,0.00010807297076098621
3,4,0.0065170712769031525,0.00010812474647536874
3,5,0.00651752483099699,0.00010814972483785823
3,6,0.0065284413285553455,0.00010818132432177663
3,7,0.00652425829321146,0.00010835122520802543
3,8,0.006527346093207598,0.00010810261301230639
3,9,0.0065321666188538074,0.00010827142978087068
3,10,0.006545463111251593,0.00010842963820323348
3,11,0.006537991110235453,0.00010852306877495721
3,12,0.006530136335641146,0.00010856119479285553
3,13,0.006541118025779724,0.0001083809620467946
3,14,0.006542492657899857,0.0001086372576537542
3,15,0.0065377745777368546,0.0001086873744498007
3,16,0.006538544315844774,0.00010846616351045668
3,17,0.006551041733473539,0.00010875501175178215
3,18,0.006543285213410854,0.00010890410339925438
3,19,0.00653334753587842,0.00010873321298277006
3,20,0.006544190924614668,0.00010840650793397799
3,21,0.006548221223056316,0.00010895586456172168
3,22,0.006547388155013323,0.00010910629498539492
3,23,0.006546687334775925,0.00010886776726692915
3,24,0.006551500875502825,0.000108810439996887
3,25,0.0065469276160001755,0.00010905433009611443
3,26,0.0065492428839206696,0.00010898651089519262
3,27,0.006545471027493477,0.00010917586769210175
3,28,0.006552751176059246,0.0001091014055418782
3,29,0.006546094547957182,0.00010886613017646596
3,30,0.006568556651473045,0.00010929205745924264
3,31,0.0065551092848181725,0.00010915638995356858
3,32,0.0065659647807478905,0.00010927298717433587
3,33,0.006541289854794741,0.00010933250450761989
3,34,0.006562052760273218,0.00010965779074467719
3,35,0.0065573398023843765,0.00010955808829749003
3,36,0.00656387023627758,0.00010963832028210163
3,37,0.0065835630521178246,0.00010992806346621364
3,38,0.006569246295839548,0.00010980568185914308
3,39,0.0065754735842347145,0.00010979080980177969
3,40,0.006560022011399269,0.00010956337791867554
3,41,0.006571617443114519,0.00010984484106302261
3,42,0.006583630107343197,0.00011023365368600935
3,43,0.00658374885097146,0.0001103249960578978
3,44,0.006572165060788393,0.00011010126763721928
3,45,0.0065873973071575165,0.00011035783245461062
3,46,0.006586836650967598,0.00010996215860359371
3,47,0.006588716059923172,0.00011060586257372051
3,48,0.006585679017007351,0.0001103748581954278
3,49,0.00659253029152751,0.00011043544509448111
3,50,0.00659919111058116,0.00011078517127316445
3,51,0.006600778549909592,0.00011068956519011408
3,52,0.006607056595385075,0.0001109727963921614
3,53,0.006606113165616989,0.00011101775453425944
3,54,0.006605369038879871,0.00011106579768238589
3,55,0.006612907163798809,0.0001114327969844453
4,0,0.006356379948556423,0.00010269731865264475
4,1,0.006349331233650446,0.00010245297744404525
4,2,0.006345994304865599,0.00010277528053848073
4,3,0.006346783600747585,0.0001025418532663025
4,4,0.006365662440657616,0.00010276601096848026
4,5,0.006367569323629141,0.00010300149006070569
4,6,0.006360392086207867,0.00010289798228768632
4,7,0.006362830754369497,0.00010274324449710548
4,8,0.006359776481986046,0.00010310517973266542
4,9,0.0063699996098876,0.00010312046651961282
4,10,0.006363976281136274,0.00010278022818965837
4,11,0.00636933371424675,0.00010293941159034148
4,12,0.006378379184752703,0.0001033426306094043
4,13,0.006369931623339653,0.00010301048314431682
4,14,0.006380940321832895,0.00010346443741582334
4,15,0.006366794463247061,0.00010295795800630003
4,16,0.0063738394528627396,0.00010300979192834347
4,17,0.006374738644808531,0.00010310269135516137
4,18,0.006373119540512562,0.00010316454427083954
4,19,0.006364795379340649,0.00010317892883904278
4,20,0.006382950581610203,0.0001031642168527469
4,21,0.006374135613441467,0.0001031651918310672
4,22,0.0063791233114898205,0.00010365810157964006
4,23,0.006361305247992277,0.00010332012607250363
4,24,0.006367979571223259,0.00010331004159525037
4,25,0.006391974166035652,0.00010370145173510537
4,26,0.006393720395863056,0.00010373356053605676
4,27,0.006393967196345329,0.00010390693933004513
4,28,0.006400776095688343,0.00010361528256908059
4,29,0.0063820225186645985,0.0001035855821100995
4,30,0.006399187259376049,0.00010375403508078307
4,31,0.006399757228791714,0.00010386553913122043
4,32,0.006406609900295734,0.00010408490925328806
4,33,0.006383577361702919,0.00010379510786151513
4,34,0.006414627656340599,0.0001043134179781191
4,35,0.006406357511878014,0.00010428416135255247
4,36,0.006424251012504101,0.00010425467189634219
4,37,0.0064120120368897915,0.00010423786443425342
4,38,0.006390389986336231,0.00010432174167362973
4,39,0.00641200877726078,0.00010453075083205476
4,40,0.006416290067136288,0.0001043912852765061
4,41,0.006421181373298168,0.00010453921277076006
4,42,0.006402843631803989,0.00010454707080498338
4,43,0.006422483362257481,0.00010476260649738833
4,44,0.006428207270801067,0.00010465172817930579
4,45,0.006428404711186886,0.00010502265649847686
4,46,0.006425491534173489,0.0001050166247296147
4,47,0.00641255360096693,0.00010453142749611288
4,48,0.006436426192522049,0.00010507873230380937
4,49,0.006445989944040775,0.00010514652240090072
4,50,0.006442395970225334,0.00010520825162529945
4,51,0.006447688210755587,0.0001054082895279862
4,52,0.006430263631045818,0.00010520278010517359
4,53,0.00644755270332098,0.0001057888293871656
4,54,0.006446304731070995,0.00010545685654506087
4,55,0.006440618075430393,0.00010573359759291634
5,0,0.006373070180416107,0.00010336181003367528
5,1,0.006386890076100826,0.0001035719906212762
5,2,0.006373550742864609,0.00010354143159929663
5,3,0.006396212615072727,0.00010374053817940876
5,4,0.006394538097083569,0.00010372048564022407
5,5,0.006383039057254791,0.00010372487304266542
5,6,0.006374761927872896,0.00010356259735999629
5,7,0.0063812993466854095,0.00010355297854403034
5,8,0.006386648863554001,0.00010368243238190189
5,9,0.006398395169526339,0.00010379050218034536
5,10,0.006402098573744297,0.00010391457180958241
5,11,0.006397589109838009,0.00010387230577180162
5,12,0.006391630042344332,0.00010383841436123475
5,13,0.006387581117451191,0.00010362924513174221
5,14,0.006393293850123882,0.00010386088979430497
5,15,0.006396352779120207,0.00010429666144773364
5,16,0.006403357721865177,0.00010430501424707472
5,17,0.006403934210538864,0.00010395169374532998
5,18,0.006403262726962566,0.00010437898890813813
5,19,0.006414317991584539,0.00010414743883302435
5,20,0.006413575727492571,0.00010428493988001719
5,21,0.006393195129930973,0.00010414051939733326
5,22,0.006400382611900568,0.00010413295240141451
5,23,0.006396111100912094,0.00010410930553916842
5,24,0.0064081731252372265,0.000104646293038968
5,25,0.006394769996404648,0.0001044527452904731
5,26,0.006413538008928299,0.00010453617869643494
5,27,0.0064212847501039505,0.00010451600246597081
5,28,0.006436551455408335,0.00010505357931833714
5,29,0.006413867697119713,0.00010471432324266061
5,30,0.006428535096347332,0.00010465169179951772
5,31,0.006431202404201031,0.00010482597281225026
5,32,0.006430246401578188,0.00010505606041988358
5,33,0.00643073208630085,0.00010486663086339831
5,34,0.006432697176933289,0.00010488077532500029
5,35,0.006416137795895338,0.00010491378634469584
5,36,0.006420474499464035,0.00010495320748304948
5,37,0.0064270514994859695,0.00010507833940209821
5,38,0.0064326077699661255,0.00010513840970816091
5,39,0.006429311819374561,0.00010504534293431789
5,40,0.006432841531932354,0.00010519159695832059
5,41,0.006448755972087383,0.00010549222497502342
5,42,0.006432636640965939,0.00010518307681195438
5,43,0.006445728708058596,0.00010564734839135781
5,44,0.0064528584480285645,0.00010555089102126658
5,45,0.006452743895351887,0.00010558148642303422
5,46,0.006450667977333069,0.00010571438178885728
5,47,0.0064420923590660095,0.00010559859947534278
5,48,0.006461528595536947,0.00010600376117508858
5,49,0.006468091160058975,0.00010606319119688123
5,50,0.00646071694791317,0.0001062016308424063
5,51,0.006456202361732721,0.00010631185432430357
5,52,0.0064530204981565475,0.00010603544069454074
5,53,0.006474995985627174,0.00010649595787981525
5,54,0.00646205572411418,0.00010660257248673588
5,55,0.006490685045719147,0.00010708032641559839
6,0,0.006383244879543781,0.00010337778803659603
6,1,0.006372448988258839,0.00010312201629858464
6,2,0.006375451572239399,0.00010341288725612685
6,3,0.0063838958740234375,0.00010356868733651936
6,4,0.006378188729286194,0.00010330501390853897
6,5,0.006391550414264202,0.00010347397619625553
6,6,0.0063691227696835995,0.00010359227599110454
6,7,0.006390266120433807,0.00010381830361438915
6,8,0.006390498485416174,0.00010349515650887042
6,9,0.006384293083101511,0.00010349090734962374
6,10,0.006384382955729961,0.0001036563262459822
6,11,0.0063806092366576195,0.00010381033644080162
6,12,0.006384272128343582,0.00010380276216892526
6,13,0.006392080336809158,0.00010390720854047686
6,14,0.00639490969479084,0.00010386537906015292
6,15,0.006396031938493252,0.00010388687951490283
6,16,0.006398762576282024,0.00010363454930484295
6,17,0.006389085203409195,0.00010398872109362856
6,18,0.006371550261974335,0.00010378000297350809
6,19,0.006402220111340284,0.0001041217110469006
6,20,0.006401250138878822,0.00010400751489214599
6,21,0.0064030541107058525,0.00010421111073810607
6,22,0.006402561441063881,0.00010403441410744563
6,23,0.006401687394827604,0.00010442169877933338
6,24,0.006404018960893154,0.00010434698197059333
6,25,0.00642605684697628,0.00010435905278427526
6,26,0.006416551768779755,0.0001045737590175122
6,27,0.006417765282094479,0.00010436667798785493
6,28,0.006407895591109991,0.00010425903019495308
6,29,0.006414142902940512,0.00010441957419971004
6,30,0.006406999193131924,0.00010445829684613273
6,31,0.006405103951692581,0.00010437847231514752
6,32,0.006418868899345398,0.00010459226905368268
6,33,0.006419952027499676,0.00010454987204866484
6,34,0.006409911438822746,0.00010450466652400792
6,35,0.006414695642888546,0.00010476605530129746
6,36,0.006425762549042702,0.00010502211807761341
6,37,0.0064238496124744415,0.00010480311175342649
6,38,0.006427373271435499,0.00010503574594622478
6,39,0.006443490739911795,0.00010517919872654602
6,40,0.006422318983823061,0.0001048545163939707
6,41,0.006425799801945686,0.0001053357555065304
6,42,0.00644091609865427,0.00010531847510719672
6,43,0.00643950654193759,0.00010545752593316138
6,44,0.006422564387321472,0.00010532116721151397
6,45,0.0064499760046601295,0.0001056573455571197
6,46,0.006460306700319052,0.00010551528248470277
6,47,0.0064462898299098015,0.00010540183575358242
6,48,0.006445906590670347,0.00010563224350335076
6,49,0.006443709135055542,0.00010565482079982758
6,50,0.006465357728302479,0.00010585501877358183
6,51,0.00645866896957159,0.00010582358663668856
6,52,0.0064713191241025925,0.00010638718958944082
6,53,0.0064576733857393265,0.00010599260713206604
6,54,0.006473848130553961,0.0001064079551724717
6,55,0.0064784083515405655,0.00010669958282960579
7,0,0.006482272408902645,0.00010644539725035429
7,1,0.006472990848124027,0.00010616821964504197
7,2,0.006473571062088013,0.00010624794231262058
7,3,0.006470823660492897,0.00010623584967106581
7,4,0.006473434157669544,0.00010658943938324228
7,5,0.006482078693807125,0.00010648315219441429
7,6,0.006486921105533838,0.00010669249604688957
7,7,0.006476265843957663,0.00010676397505449131
7,8,0.006463015917688608,0.00010653234494384378
7,9,0.006484586745500565,0.00010672156349755824
7,10,0.00649320799857378,0.00010695959645090625
7,11,0.0064917635172605515,0.00010666879825294018
7,12,0.006472807377576828,0.00010661833948688582
7,13,0.006478548981249332,0.00010671102063497528
7,14,0.006474181078374386,0.00010668031609384343
7,15,0.006474534049630165,0.00010682894935598597
7,16,0.006480274721980095,0.00010701437713578343
7,17,0.006478750612586737,0.00010703573207138106
7,18,0.006501949392259121,0.00010706947796279564
7,19,0.006495429202914238,0.00010689291229937226
7,20,0.006500801537185907,0.00010739195568021387
7,21,0.006486291065812111,0.0001070541693479754
7,22,0.006500820629298687,0.00010699725680751726
7,23,0.0064830537885427475,0.00010703876614570618
7,24,0.006483025383204222,0.00010725705942604691
7,25,0.006497836671769619,0.00010725088941399008
7,26,0.0065043531358242035,0.00010706221655709669
7,27,0.0064935386180877686,0.00010720526188379154
7,28,0.006479420233517885,0.00010715211101341993
7,29,0.006494266912341118,0.00010718253906816244
7,30,0.006479986943304539,0.00010708557965699583
7,31,0.006507677957415581,0.00010766400373540819
7,32,0.0064848847687244415,0.000107254134491086
7,33,0.006497853435575962,0.00010724163439590484
7,34,0.006493181921541691,0.00010734819079516456
7,35,0.006516933441162109,0.00010781395394587889
7,36,0.006513345520943403,0.00010772096720756963
7,37,0.006513842381536961,0.00010771929373731837
7,38,0.006512613035738468,0.0001077564011211507
7,39,0.006527591496706009,0.00010806795762619004
7,40,0.006507530342787504,0.00010797029972309247
7,41,0.006527984514832497,0.00010837904119398445
7,42,0.006525591015815735,0.00010797419963637367
7,43,0.006525236181914806,0.00010785824269987643
7,44,0.00652928464114666,0.00010839105380000547
7,45,0.006531371735036373,0.00010828843369381502
7,46,0.0065266164019703865,0.00010833559645107016
7,47,0.006536097265779972,0.00010809262312250212
7,48,0.006533472333103418,0.00010839843162102625
7,49,0.006537561304867268,0.00010857788583962247
7,50,0.0065363370813429356,0.00010872387065319344
7,51,0.006526719778776169,0.00010853073035832494
7,52,0.0065480368211865425,0.00010911460412899032
7,53,0.006567461881786585,0.00010942213702946901
7,54,0.0065511115826666355,0.0001090640653274022
7,55,0.006568885408341885,0.00010910075798165053
8,0,0.00644967146217823,0.00010552410822128877
8,1,0.006455663591623306,0.0001057934932759963
8,2,0.00645677512511611,0.0001058942943927832
8,3,0.006453501060605049,0.00010576299973763525
8,4,0.006457268260419369,0.00010578242654446512
8,5,0.006452007219195366,0.00010595779895083979
8,6,0.006446816027164459,0.00010597284563118592
8,7,0.0064489105716347694,0.00010577252396615222
8,8,0.006459408439695835,0.00010577724606264383
8,9,0.006455922033637762,0.00010612282494548708
8,10,0.00646344106644392,0.0001059417991200462
8,11,0.00645748246461153,0.0001059503701981157
8,12,0.00645018694922328,0.00010599633969832212
8,13,0.0064547802321612835,0.00010616188956191763
8,14,0.006465805694460869,0.00010618135274853557
8,15,0.006458527408540249,0.00010597105574561283
8,16,0.00646422803401947,0.00010623345588101074
8,17,0.006471765227615833,0.00010620082321111113
8,18,0.006462973542511463,0.00010606306022964418
8,19,0.0064531913958489895,0.00010598308290354908
8,20,0.006463377270847559,0.00010624181595630944
8,21,0.006466568447649479,0.00010625779395923018
8,22,0.006465179845690727,0.00010615675273584202
8,23,0.006453137844800949,0.00010644031863193959
8,24,0.006468958221375942,0.00010636480146786198
8,25,0.006475575268268585,0.00010641176777426153
8,26,0.006474900990724564,0.00010645688598742709
8,27,0.00648320559412241,0.00010637606465024874
8,28,0.0064783599227666855,0.00010650026524672285
8,29,0.006457094103097916,0.00010640351683832705
8,30,0.00648921774700284,0.00010665414447430521
8,31,0.006481485906988382,0.00010673828364815563
8,32,0.006482059136033058,0.00010681949788704515
8,33,0.006484994664788246,0.00010689547343645245
8,34,0.006482268683612347,0.0001069760910468176
8,35,0.006482214666903019,0.0001070595535566099
8,36,0.006492625921964645,0.00010701941209845245
8,37,0.006486906670033932,0.00010709512571338564
8,38,0.006502929609268904,0.00010708588524721563
8,39,0.0064743016846477985,0.00010698613186832517
8,40,0.006497236900031567,0.00010705285239964724
8,41,0.0065078819170594215,0.00010742734593804926
8,42,0.006515013054013252,0.00010764062608359382
8,43,0.006493872031569481,0.00010705023305490613
8,44,0.006508168764412403,0.00010735516116255894
8,45,0.0065156035125255585,0.00010765434853965417
8,46,0.006498049944639206,0.0001075664404197596
8,47,0.006523325107991695,0.0001080226938938722
8,48,0.006515120156109333,0.00010773299436550587
8,49,0.006509255617856979,0.00010754509276011959
8,50,0.00650920020416379,0.0001078755158232525
8,51,0.00651413481682539,0.0001076535481843166
8,52,0.006530598737299442,0.0001081395530491136
8,53,0.006542057730257511,0.0001084344694390893
8,54,0.006532704457640648,0.00010869921970879659
8,55,0.006548605393618345,0.00010862684575840831
9,0,0.006462985184043646,0.0001062733426806517
9,1,0.006462521385401487,0.00010610734898364171
9,2,0.006481635384261608,0.00010646288865245879
9,3,0.006475965492427349,0.00010641822154866531
9,4,0.006459419149905443,0.00010637810919433832
9,5,0.006487315520644188,0.00010653993376763538
9,6,0.006470848806202412,0.00010642155393725261
9,7,0.006471555680036545,0.00010645759903127328
9,8,0.006473179906606674,0.00010649982141330838
9,9,0.006483426783233881,0.00010665311856428161
9,10,0.006470144726336002,0.00010663561261026189
9,11,0.006491335108876228,0.00010691103670978919
9,12,0.006479280535131693,0.00010666278831195086
9,13,0.0065022786147892475,0.00010692686919355765
9,14,0.006482739932835102,0.00010658116661943495
9,15,0.006496576126664877,0.00010708130139391869
9,16,0.006478089839220047,0.00010702195868361741
9,17,0.0064779529348015785,0.0001067692501237616
9,18,0.006487729027867317,0.00010705523891374469
9,19,0.006484352983534336,0.00010695831588236615
9,20,0.006499828305095434,0.00010696634853957221
9,21,0.006482880096882582,0.00010691406350815669
9,22,0.006473403424024582,0.00010702660074457526
9,23,0.006492056883871555,0.00010692556679714471
9,24,0.006484215147793293,0.0001070887956302613
9,25,0.006489831022918224,0.00010688266775105149
9,26,0.006501080468297005,0.00010697148536564782
9,27,0.006518116220831871,0.00010758126154541969
9,28,0.006490292958915234,0.00010728845518315211
9,29,0.006496652960777283,0.00010732946975622326
9,30,0.006493422202765942,0.00010730330541264266
9,31,0.006495438516139984,0.00010727551125455648
9,32,0.006489532999694347,0.00010740545985754579
9,33,0.006496042013168335,0.00010724739695433527
9,34,0.006505235098302364,0.00010755415132734925
9,35,0.006501535419374704,0.00010749099601525813
9,36,0.006512975320219994,0.00010796197602758184
9,37,0.006529294885694981,0.00010785633639898151
9,38,0.006511980667710304,0.0001076560583896935
9,39,0.00649404339492321,0.00010755993571365252
9,40,0.006512836087495089,0.0001078534551197663
9,41,0.006528355646878481,0.00010823734191944823
9,42,0.00652250275015831,0.00010801026655826718
9,43,0.0065129902213811874,0.00010770310473162681
9,44,0.0065292129293084145,0.00010845111683011055
9,45,0.006544784177094698,0.00010848803503904492
9,46,0.006550059653818607,0.00010849455429706722
9,47,0.0065374779514968395,0.00010844854841707274
9,48,0.00654138159006834,0.00010847411613212898
9,49,0.006526459474116564,0.00010833170381374657
9,50,0.006550078745931387,0.0001088671269826591
9,51,0.006531776860356331,0.0001082933449652046
9,52,0.006553821265697479,0.00010907415708061308
9,53,0.006543860770761967,0.0001088698991225101
9,54,0.006541015114635229,0.00010905847739195451
9,55,0.006555334199219942,0.0001093625178327784
10,0,0.006563685368746519,0.0001095377083402127
10,1,0.006570080295205116,0.0001095891566365026
10,2,0.006568137556314468,0.00010981950617861003
10,3,0.0065475450828671455,0.0001092616148525849
10,4,0.006567151285707951,0.00010959909559460357
10,5,0.006560381501913071,0.00010968096466967836
10,6,0.006575911771506071,0.0001096750347642228
10,7,0.006579256616532803,0.00010947351256618276
10,8,0.00656378548592329,0.00010946946713374928
10,9,0.0065535893663764,0.00010975840268656611
10,10,0.006575810257345438,0.00010982609819620848
10,11,0.0065627191215753555,0.00010947498958557844
10,12,0.006581912748515606,0.00010995983757311478
10,13,0.006579055450856686,0.00010989434667862952
10,14,0.006572842597961426,0.00010979226499330252
10,15,0.006564874202013016,0.00010971327719744295
10,16,0.006589265540242195,0.00010991096496582031
10,17,0.006576362065970898,0.00011005566921085119
10,18,0.006571580655872822,0.0001099084474844858
10,19,0.006588211748749018,0.00011003959662048146
10,20,0.006585807539522648,0.00011007102148141712
10,21,0.006582974921911955,0.00011036927753593773
10,22,0.006574693601578474,0.00010988453141180798
10,23,0.006582511588931084,0.00011016850476153195
10,24,0.0065881917253136635,0.00010998589277733117
10,25,0.006582281086593866,0.00011009885929524899
10,26,0.006586729548871517,0.00011008318688254803
10,27,0.006590257864445448,0.00011035482020815834
10,28,0.006577503867447376,0.0001101400121115148
10,29,0.006594866514205933,0.00011053324124077335
10,30,0.006613307632505894,0.00011068073945352808
10,31,0.00659059826284647,0.00011033760529244319
10,32,0.0065983934327960014,0.00011056403309339657
10,33,0.0066194189712405205,0.00011080998228862882
10,34,0.006598863750696182,0.00011069436004618183
10,35,0.006590456701815128,0.00011052584886783734
10,36,0.006600607186555862,0.00011071987682953477
10,37,0.006617254577577114,0.0001112142635975033
10,38,0.006603908725082874,0.0001109401200665161
10,39,0.006595869082957506,0.00011067651939811185
10,40,0.006608258001506329,0.00011104204168077558
10,41,0.006615293212234974,0.00011087005259469151
10,42,0.006627252791076899,0.00011123019066872075
10,43,0.0066049955785274506,0.00011115604866063222
10,44,0.006614577490836382,0.00011114589142380282
10,45,0.006621513050049543,0.00011129221093142405
10,46,0.006624697707593441,0.00011139831622131169
10,47,0.006622367538511753,0.00011148142220918089
10,48,0.006626555696129799,0.0001115018967539072
10,49,0.006628894247114658,0.00011154166713822633
10,50,0.006623100023716688,0.00011178004933753982
10,51,0.006620759144425392,0.00011145392636535689
10,52,0.006622694432735443,0.00011165519390488043
10,53,0.006650101859122515,0.00011210532102268189
10,54,0.006632871925830841,0.00011205841292394325
10,55,0.00664872769266367,0.00011231646203668788
11,0,0.006618927698582411,0.00011112090578535572
11,1,0.0066248588263988495,0.00011140653805341572
11,2,0.006613259203732014,0.00011121136049041525
11,3,0.006605790928006172,0.00011122598516521975
11,4,0.0066130394116044044,0.0001112862883019261
11,5,0.0066190920770168304,0.00011130535858683288
11,6,0.006634299643337727,0.00011161797738168389
11,7,0.006626857910305262,0.00011135424574604258
11,8,0.00662214495241642,0.00011116868699900806
11,9,0.00661305570974946,0.00011109362094430253
11,10,0.006641122046858072,0.00011186501797055826
11,11,0.006619132123887539,0.00011138603440485895
11,12,0.006614661309868097,0.00011130787606816739
11,13,0.006635076366364956,0.00011171823280164972
11,14,0.006641943473368883,0.00011161928705405444
11,15,0.006642363034188747,0.00011198568245163187
11,16,0.0066238995641469955,0.00011141143477289006
11,17,0.006624486297369003,0.00011145885946461931
11,18,0.00662164855748415,0.00011149362399009988
11,19,0.006628314033150673,0.00011172641825396568
11,20,0.006623506546020508,0.00011153909144923091
11,21,0.006633878685534,0.00011177578562637791
11,22,0.006634126417338848,0.0001117955325753428
11,23,0.006648419424891472,0.00011203742178622633
11,24,0.006644600071012974,0.00011217332212254405
11,25,0.0066264355555176735,0.00011170404468430206
11,26,0.006641102023422718,0.00011197624553460628
11,27,0.006640024483203888,0.0001119055668823421
11,28,0.006649624556303024,0.00011224697664147243
11,29,0.006637201644480228,0.00011222662578802556
11,30,0.006634927820414305,0.00011213932157261297
11,31,0.006630246527493,0.00011198982247151434
11,32,0.0066435206681489944,0.00011205282498849556
11,33,0.0066641028970479965,0.00011241038737352937
11,34,0.006666339933872223,0.00011263172928011045
11,35,0.006652073934674263,0.0001121144596254453
11,36,0.006653856951743364,0.00011229580559302121
11,37,0.006667345762252808,0.00011287254164926708
11,38,0.0066647897474467754,0.00011250590614508837
11,39,0.006671207956969738,0.00011292679118923843
11,40,0.0066685802303254604,0.00011278237798251212
11,41,0.006661752238869667,0.00011250573879806325
11,42,0.006658285390585661,0.00011296134471194819
11,43,0.006660537328571081,0.00011296927550574765
11,44,0.006670848932117224,0.0001130867240135558
11,45,0.006637601647526026,0.00011236568388994783
11,46,0.006667065434157848,0.00011308738612569869
11,47,0.006656273268163204,0.00011298077151877806
11,48,0.006684339605271816,0.0001131534663727507
11,49,0.006680662743747234,0.0001133939585997723
11,50,0.006660117767751217,0.00011330749111948535
11,51,0.006682570092380047,0.000113752277684398
11,52,0.00668705441057682,0.00011351474677212536
11,53,0.006694384850561619,0.00011402423115214333
11,54,0.006706095300614834,0.0001142844048445113
11,55,0.006707829888910055,0.00011420693044783548
12,0,0.006696651689708233,0.00011404178803786635
12,1,0.006711306981742382,0.00011462907423265278
12,2,0.006713236216455698,0.00011440974776633084
12,3,0.006726621650159359,0.0001147112634498626
12,4,0.006707065738737583,0.00011432781320763752
12,5,0.00670629134401679,0.0001143978806794621
12,6,0.006722691468894482,0.00011473482300061733
12,7,0.006725694052875042,0.00011475195060484111
12,8,0.006727999541908503,0.00011492174962768331
12,9,0.006721384357661009,0.00011489143071230501
12,10,0.006723211146891117,0.00011485458526294678
12,11,0.00672683771699667,0.00011483908019727096
12,12,0.00672141183167696,0.00011486619769129902
12,13,0.006719489581882954,0.00011484626884339377
12,14,0.006729950197041035,0.00011508883471833542
12,15,0.006723480764776468,0.00011550549243111163
12,16,0.006722426041960716,0.00011467729200376198
12,17,0.0067391665652394295,0.00011534199438756332
12,18,0.0067170653492212296,0.00011482866102596745
12,19,0.0067407358437776566,0.00011549282498890534
12,20,0.006735481787472963,0.00011533586075529456
12,21,0.006735083647072315,0.00011541414278326556
12,22,0.006738059222698212,0.00011501846893224865
12,23,0.006752743385732174,0.0001156148427980952
12,24,0.006726169027388096,0.00011512932542245835
12,25,0.006736949551850557,0.00011567631736397743
12,26,0.006745853461325169,0.0001153784105554223
12,27,0.006748124025762081,0.0001155674472101964
12,28,0.006742869503796101,0.00011550231283763424
12,29,0.006746819242835045,0.00011570103379199281
12,30,0.006746523082256317,0.00011590198118938133
12,31,0.006753062829375267,0.00011601988808251917
12,32,0.006761749740689993,0.00011606120096985251
12,33,0.0067582097835838795,0.00011586068285396323
12,34,0.006742181722074747,0.00011566786997718737
12,35,0.006747609935700893,0.00011589506175369024
12,36,0.006750370375812054,0.0001159187377197668
12,37,0.006757691036909819,0.00011643335892586038
12,38,0.006764602847397327,0.00011638712749117985
12,39,0.006760432384908199,0.00011611523950705305
12,40,0.0067537943832576275,0.00011600727157201618
12,41,0.006777012720704079,0.00011649147927528247
12,42,0.006780548486858606,0.00011639899457804859
12,43,0.006772222463041544,0.00011654345144052058
12,44,0.0067788464948534966,0.00011668308434309438
12,45,0.006770613603293896,0.00011641989840427414
12,46,0.0067810844630002975,0.00011692094267345965
12,47,0.006792792119085789,0.0001168263188446872
12,48,0.006811638828366995,0.00011736076703527942
12,49,0.006805368699133396,0.00011743892537197098
12,50,0.006796280387789011,0.00011734943109331653
12,51,0.006794227287173271,0.00011685811477946118
12,52,0.006804618053138256,0.00011757645552279428
12,53,0.006806828081607819,0.00011754251318052411
12,54,0.006807294674217701,0.00011782879300881177
12,55,0.006828790530562401,0.00011821299995062873
13,0,0.006708674132823944,0.000114532740553841
13,1,0.0066912309266626835,0.0001143022600444965
13,2,0.006719869561493397,0.00011467321746749803
13,3,0.0067129479721188545,0.0001148282244685106
13,4,0.006714046001434326,0.00011462111433502287
13,5,0.006723940372467041,0.00011502981942612678
13,6,0.006723224651068449,0.00011463844566605985
13,7,0.0067092557437717915,0.00011440904927439988
13,8,0.006736861541867256,0.0001149810486822389
13,9,0.006719999946653843,0.00011484748392831534
13,10,0.006717955227941275,0.0001145306378020905
13,11,0.006716473959386349,0.00011473801714600995
13,12,0.006731817498803139,0.00011500891559990123
13,13,0.0067128390073776245,0.00011466708383522928
13,14,0.00672886660322547,0.00011492146586533636
13,15,0.006725443992763758,0.00011478978558443487
13,16,0.006732393521815538,0.00011531938798725605
13,17,0.006729490589350462,0.00011504339636303484
13,18,0.00672354269772768,0.00011491775512695312
13,19,0.0067220120690763,0.00011513695062603801
13,20,0.006736569106578827,0.00011522519343998283
13,21,0.006733780261129141,0.00011534109216881916
13,22,0.006722981110215187,0.00011496838851599023
13,23,0.006725801154971123,0.00011508179159136489
13,24,0.006746319122612476,0.00011552373325685039
13,25,0.006725357845425606,0.00011504827125463635
13,26,0.006726606748998165,0.00011518654355313629
13,27,0.006735113449394703,0.00011538814578671008
13,28,0.006742403842508793,0.00011577722034417093
13,29,0.006747858598828316,0.00011574194650165737
13,30,0.0067503442987799644,0.00011549065675353631
13,31,0.00675156619399786,0.0001157684819190763
13,32,0.006769126281142235,0.00011599440040299669
13,33,0.006738044321537018,0.00011567967885639518
13,34,0.006741668097674847,0.00011607465421548113
13,35,0.0067512355744838715,0.0001160542742582038
13,36,0.006755434907972813,0.00011596892727538943
13,37,0.0067472197115421295,0.000115805167297367
13,38,0.006757011637091637,0.00011601589358178899
13,39,0.006761607713997364,0.0001163582201115787
13,40,0.0067785074934363365,0.0001165106805274263
13,41,0.006771203130483627,0.00011663553596008569
13,42,0.006767864339053631,0.0001165796275017783
13,43,0.006773941218852997,0.00011666068894555792
13,44,0.006778817158192396,0.0001165510548162274
13,45,0.006781077943742275,0.00011649291263893247
13,46,0.0068026352673769,0.00011726938100764528
13,47,0.006790963001549244,0.00011697073932737112
13,48,0.0067718755453825,0.00011708925740094855
13,49,0.006789146922528744,0.00011733701830962673
13,50,0.006775154732167721,0.00011672260734485462
13,51,0.006787464022636414,0.00011754592560464516
13,52,0.006801932118833065,0.00011757163883885369
13,53,0.0068078674376010895,0.00011783038644352928
13,54,0.0068082381039857864,0.0001176714213215746
13,55,0.006821890361607075,0.00011805732356151566
14,0,0.006697154603898525,0.00011397506023058668
14,1,0.006698537617921829,0.00011392212036298588
14,2,0.006686478387564421,0.00011374712630640715
14,3,0.006703668273985386,0.00011425563570810482
14,4,0.006692894268780947,0.00011394625471439213
14,5,0.006704284809529781,0.00011432296741986647
14,6,0.006698318291455507,0.0001139751766459085
14,7,0.006699813529849052,0.00011416269990149885
14,8,0.00671533914282918,0.00011441606329753995
14,9,0.0067129917442798615,0.00011442746472312137
14,10,0.006718453951179981,0.00011439200170570984
14,11,0.006697583943605423,0.00011408675345592201
14,12,0.00671375822275877,0.00011430955055402592
14,13,0.006721170619130135,0.0001143634581239894
14,14,0.006725901737809181,0.00011443116090958938
14,15,0.006718555931001902,0.0001144865236710757
14,16,0.006730091758072376,0.00011449848534539342
14,17,0.00671496381983161,0.00011477502266643569
14,18,0.006722231395542622,0.00011462446127552539
14,19,0.006713336333632469,0.00011464727867860347
14,20,0.006726705003529787,0.0001147665607277304
14,21,0.006720009259879589,0.00011489108874229714
14,22,0.006739012897014618,0.00011497327795950696
14,23,0.006721476558595896,0.00011474046914372593
14,24,0.006739319302141666,0.00011505687871249393
14,25,0.006719083990901709,0.00011489987082313746
14,26,0.006717285141348839,0.00011498587264213711
14,27,0.006727874279022217,0.00011517027451191097
14,28,0.006735608447343111,0.00011519868712639436
14,29,0.006722835823893547,0.00011492578778415918
14,30,0.006726304069161415,0.00011512497439980507
14,31,0.0067342850379645824,0.0001152538534370251
14,32,0.006747669540345669,0.00011544582957867533
14,33,0.006751097273081541,0.00011566802277229726
14,34,0.006741062738001347,0.00011526382149895653
14,35,0.006740689743310213,0.00011564587475731969
14,36,0.006748192943632603,0.00011557687685126439
14,37,0.006739782635122538,0.00011517103848746046
14,38,0.006766860373318195,0.00011599272693274543
14,39,0.00675559788942337,0.0001159359235316515
14,40,0.006750387605279684,0.0001156564467237331
14,41,0.0067861019633710384,0.00011636371345957741
14,42,0.006745126098394394,0.00011585488391574472
14,43,0.006759813986718655,0.00011597949196584523
14,44,0.006754019297659397,0.00011618047574302182
14,45,0.006773805245757103,0.00011628672655206174
14,46,0.006761232390999794,0.00011625236948020756
14,47,0.006783091463148594,0.00011678849114105105
14,48,0.006772753316909075,0.00011678708688123152
14,49,0.006770680658519268,0.00011653083493001759
14,50,0.006776429712772369,0.00011682309559546411
14,51,0.006776570342481136,0.00011685674689942971
14,52,0.006798085756599903,0.00011711831029970199
14,53,0.006794757209718227,0.0001172133706859313
14,54,0.00679761404171586,0.00011749907571356744
14,55,0.006807942409068346,0.00011750669364118949
15,0,0.006652305833995342,0.00011277160228928551
15,1,0.006675907876342535,0.00011330704001011327
15,2,0.006661348044872284,0.00011277143494226038
15,3,0.00665306206792593,0.00011266259389230981
15,4,0.006651340983808041,0.00011239822197239846
15,5,0.006674408446997404,0.0001129371376009658
15,6,0.006670376285910606,0.00011318890756228939
15,7,0.006678275763988495,0.00011297531455056742
15,8,0.006667491514235735,0.000113226160465274
15,9,0.006680926773697138,0.00011309404362691566
15,10,0.006681677885353565,0.00011345262464601547
15,11,0.006674259435385466,0.0001132463148678653
15,12,0.006678727455437183,0.00011336468014633283
15,13,0.006667139008641243,0.00011315765732433647
15,14,0.006690831854939461,0.00011361377983121201
15,15,0.0066817570477724075,0.0001133489131461829
15,16,0.006675452925264835,0.00011352384171914309
15,17,0.006672958843410015,0.0001135453931055963
15,18,0.00667454581707716,0.00011335649469401687
15,19,0.006688165478408337,0.00011379761417629197
15,20,0.006689718458801508,0.00011384161916794255
15,21,0.006673970725387335,0.00011343880032654852
15,22,0.006684001535177231,0.00011366508988430724
15,23,0.006702350452542305,0.00011382582306396216
15,24,0.006692272145301104,0.00011391344742150977
15,25,0.006682812236249447,0.00011373653978807852
15,26,0.0067099579609930515,0.00011399875074857846
15,27,0.006707502529025078,0.0001140407839557156
15,28,0.006697646342217922,0.0001139892847277224
15,29,0.006679105572402477,0.00011375680333003402
15,30,0.006692888215184212,0.00011400726361898705
15,31,0.006707938853651285,0.00011441852257121354
15,32,0.006698313169181347,0.00011428232392063364
15,33,0.006699720397591591,0.00011418661597417668
15,34,0.006717067211866379,0.00011422691750340164
15,35,0.006715751718729734,0.00011440383241279051
15,36,0.006712195463478565,0.0001143458575825207
15,37,0.006728112697601318,0.00011483264825074002
15,38,0.006717622745782137,0.00011500273103592917
15,39,0.0067133717238903046,0.00011492004705360159
15,40,0.006735984236001968,0.00011491051554912701
15,41,0.006720046512782574,0.00011486137373140082
15,42,0.006717849988490343,0.000114633803605102
15,43,0.0067232875153422356,0.0001150204916484654
15,44,0.006732701323926449,0.00011523945431690663
15,45,0.0067208437249064445,0.00011492529301904142
15,46,0.006741295102983713,0.00011573894153116271
15,47,0.006723182275891304,0.00011522051499923691
15,48,0.006745464168488979,0.00011585244646994397
15,49,0.006721354555338621,0.00011535112571436912
15,50,0.006759094540029764,0.00011586679465835914
15,51,0.00674772635102272,0.00011577834084164351
15,52,0.006744866259396076,0.00011580230784602463
15,53,0.0067682755179703236,0.0001160194369731471
15,54,0.006773061119019985,0.00011671685933833942
15,55,0.0067735761404037476,0.00011644668848020956
16,0,0.006559479981660843,0.00010994390322593972
16,1,0.006570098921656609,0.00010979051876347512
16,2,0.006575116887688637,0.00011004751286236569
16,3,0.006569533608853817,0.00011001198436133564
16,4,0.0065869721584022045,0.00011011526657966897
16,5,0.006578660570085049,0.00011034059571102262
16,6,0.006595931015908718,0.00011024273408111185
16,7,0.006581455934792757,0.00010995188495144248
16,8,0.006603140849620104,0.00011018813529517502
16,9,0.0065792216919362545,0.00010975579061778262
16,10,0.00658269552513957,0.00011005435953848064
16,11,0.00658571720123291,0.00011023095430573449
16,12,0.0065809013321995735,0.00011017224460374564
16,13,0.006582866422832012,0.00011016314965672791
16,14,0.006581862922757864,0.00011049861495848745
16,15,0.006588537711650133,0.00011050185275962576
16,16,0.006588947027921677,0.00011046404688386247
16,17,0.006578920874744654,0.00011016107600880787
16,18,0.006592168938368559,0.00011040960089303553
16,19,0.006587942596524954,0.00011027962318621576
16,20,0.006607582326978445,0.00011071982589783147
16,21,0.0065968697890639305,0.00011066250590374693
16,22,0.0065934727899730206,0.00011072320194216445
16,23,0.006596884224563837,0.00011070461914641783
16,24,0.006613032892346382,0.00011123857257189229
16,25,0.00661317165941,0.00011083790741395205
16,26,0.006610394921153784,0.00011099108814960346
16,27,0.006601912900805473,0.00011117762187495828
16,28,0.006610842887312174,0.00011084233847213909
16,29,0.006621393375098705,0.0001110585653805174
16,30,0.006606181617826223,0.00011083281424362212
16,31,0.00661099748685956,0.00011116689711343497
16,32,0.006624698173254728,0.00011107489262940362
16,33,0.0066311778500676155,0.00011145361349917948
16,34,0.006617601029574871,0.00011117776739411056
16,35,0.006616812665015459,0.0001115850027417764
16,36,0.006623727735131979,0.00011145816097268835
16,37,0.006621724925935268,0.00011152588558616117
16,38,0.0066263722255826,0.00011163311137352139
16,39,0.006643299013376236,0.00011169351637363434
16,40,0.006635291501879692,0.00011176137195434421
16,41,0.00664143031463027,0.00011181385343661532
16,42,0.0066388752311468124,0.00011209952208446339
16,43,0.006635257974267006,0.00011187086784048006
16,44,0.0066406917758286,0.00011219793668715283
16,45,0.0066412766464054585,0.0001122349058277905
16,46,0.006647102069109678,0.00011226278729736805
16,47,0.006653791293501854,0.00011242082837270573
16,48,0.006646287627518177,0.00011225540220038965
16,49,0.006662462837994099,0.00011249943054281175
16,50,0.006648753769695759,0.00011234616249566898
16,51,0.006665361579507589,0.00011277728481218219
16,52,0.006683952175080776,0.00011293782154098153
16,53,0.006663697771728039,0.0001131537210312672
16,54,0.00666959211230278,0.00011309112596791238
16,55,0.00667386781424284,0.00011336530587868765
17,0,0.006563420407474041,0.0001095329353120178
17,1,0.006569323595613241,0.00010962521628243849
17,2,0.00656561553478241,0.00010955056495731696
17,3,0.006568933837115765,0.00010957122140098363
17,4,0.006574325263500214,0.00010961728548863903
17,5,0.006575336214154959,0.00010990053124260157
17,6,0.00657239742577076,0.00010963005479425192
17,7,0.006574180908501148,0.00010974887118209153
17,8,0.006563141476362944,0.00010963244130834937
17,9,0.006577210500836372,0.00010966076661134139
17,10,0.006562624126672745,0.00010991632007062435
17,11,0.006577418185770512,0.00011001814709743485
17,12,0.006597448606044054,0.00010997419303748757
17,13,0.006579254753887653,0.00011001895472873002
17,14,0.0065765948966145515,0.00011004467523889616
17,15,0.006561534479260445,0.00010967494745273143
17,16,0.006581285037100315,0.00011008787259925157
17,17,0.006589201278984547,0.00011022404942195863
17,18,0.006598406471312046,0.00011016344069503248
17,19,0.006587459705770016,0.00011038134107366204
17,20,0.0065768747590482235,0.00011040987737942487
17,21,0.006594878155738115,0.00011050729517592117
17,22,0.006575361825525761,0.0001100113004213199
17,23,0.006590184755623341,0.00011030504538211972
17,24,0.006589026190340519,0.00011042930418625474
17,25,0.006594850681722164,0.0001104327238863334
17,26,0.006604426074773073,0.00011048852320527658
17,27,0.006604937836527824,0.00011061151599278674
17,28,0.006604065652936697,0.00011064862337661907
17,29,0.006593032740056515,0.00011061158875236288
17,30,0.006602724082767963,0.00011080169497290626
17,31,0.006608561612665653,0.00011087388702435419
17,32,0.0065980469807982445,0.00011073568748543039
17,33,0.006607442162930965,0.00011098160757683218
17,34,0.0066121602430939674,0.00011107579484814778
17,35,0.006607037037611008,0.00011122357682324946
17,36,0.0066091339103877544,0.00011107238242402673
17,37,0.006624938920140266,0.00011135955719510093
17,38,0.006624896079301834,0.00011143297888338566
17,39,0.006622143089771271,0.00011132600047858432
17,40,0.006619833875447512,0.00011126702156616375
17,41,0.0066221775487065315,0.00011144250311190262
17,42,0.006617705337703228,0.00011138161789858714
17,43,0.006639394443482161,0.00011166919284733012
17,44,0.006639015860855579,0.00011176717089256272
17,45,0.006638122722506523,0.00011193396494491026
17,46,0.006633898243308067,0.00011203953181393445
17,47,0.006634206511080265,0.0001120225279009901
17,48,0.006634975783526897,0.00011231088865315542
17,49,0.006642012856900692,0.00011207344505237415
17,50,0.0066386801190674305,0.00011202041787328199
17,51,0.006657117512077093,0.00011251149408053607
17,52,0.006657347083091736,0.00011270103277638555
17,53,0.006664921995252371,0.00011244785855524242
17,54,0.006673883646726608,0.00011289472604403272
17,55,0.006668440066277981,0.00011321448255330324
18,0,0.006532927975058556,0.00010855474101845175
18,1,0.006538930349051952,0.00010871603444684297
18,2,0.0065506864339113235,0.00010889203258557245
18,3,0.0065387762151658535,0.00010892415593843907
18,4,0.006528678350150585,0.00010881517664529383
18,5,0.006545558571815491,0.0001088459903257899
18,6,0.006558934226632118,0.00010887554526561871
18,7,0.006530879531055689,0.00010869745892705396
18,8,0.0065580736845731735,0.00010896043386310339
18,9,0.006549084093421698,0.00010893381113419309
18,10,0.006561913527548313,0.00010911799472523853
18,11,0.0065610893070697784,0.0001092100064852275
18,12,0.0065461862832307816,0.0001091872836695984
18,13,0.0065682814456522465,0.00010944108362309635
18,14,0.006565305404365063,0.00010957173799397424
18,15,0.006556021980941296,0.00010935560567304492
18,16,0.00656932033598423,0.00010924148227786645
18,17,0.006556314881891012,0.00010904512600973248
18,18,0.006563838571310043,0.0001095614061341621
18,19,0.0065612588077783585,0.00010938444029306993
18,20,0.00655831303447485,0.0001093149185180664
18,21,0.006593669299036264,0.00010979590297210962
18,22,0.006558967754244804,0.00010968450806103647
18,23,0.006579272449016571,0.00010997165372828022
18,24,0.006564080249518156,0.0001097161730285734
18,25,0.006576098967343569,0.00010990435839630663
18,26,0.0065755899995565414,0.00010974148608511314
18,27,0.006574456579983234,0.00010992745956173167
18,28,0.006580849178135395,0.00010976172052323818
18,29,0.00658286502584815,0.00010998776269843802
18,30,0.006594769190996885,0.000110053108073771
18,31,0.006586545147001743,0.00010983485117321834
18,32,0.006584827322512865,0.00010997182835126296
18,33,0.006576505023986101,0.0001101476518670097
18,34,0.00658799335360527,0.00011004180123563856
18,35,0.00659520085901022,0.00011009202717104927
18,36,0.006600264459848404,0.00011035556235583499
18,37,0.006590923294425011,0.00011054101923946291
18,38,0.006601572502404451,0.00011048385931644589
18,39,0.006598433014005423,0.00011072834604419768
18,40,0.0066163195297122,0.00011093380453530699
18,41,0.006603422109037638,0.00011084543803008273
18,42,0.0066004260443151,0.00011042859841836616
18,43,0.0065968893468379974,0.00011098017421318218
18,44,0.006609795149415731,0.0001109409931814298
18,45,0.006610103417187929,0.00011125193850602955
18,46,0.0066255563870072365,0.00011111897038063034
18,47,0.0066181933507323265,0.00011116225505247712
18,48,0.006612980738282204,0.00011114683002233505
18,49,0.006615537218749523,0.00011132518557133153
18,50,0.006613376550376415,0.00011128677579108626
18,51,0.006633147597312927,0.00011174000246683136
18,52,0.006621936801820993,0.00011159603309351951
18,53,0.006639116443693638,0.0001118767395382747
18,54,0.006629150360822678,0.00011223465844523162
18,55,0.006651230622082949,0.00011236895807087421
19,0,0.006515828892588615,0.00010814954293891788
19,1,0.006535525433719158,0.00010836953879334033
19,2,0.006531017832458019,0.00010814815323101357
19,3,0.006527056451886892,0.00010839992319233716
19,4,0.006541901268064976,0.00010860183101613075
19,5,0.006531784310936928,0.00010809636296471581
19,6,0.006546095944941044,0.00010827886580955237
19,7,0.006527178920805454,0.00010845886572496966
19,8,0.006543617695569992,0.00010863706120289862
19,9,0.006553248967975378,0.00010895786545006558
19,10,0.006530502811074257,0.00010858321911655366
19,11,0.006533332634717226,0.00010854442371055484
19,12,0.00655031856149435,0.00010885787924053147
19,13,0.0065410928800702095,0.00010878197645070031
19,14,0.006536681205034256,0.00010870237019844353
19,15,0.006544947624206543,0.00010897063475567847
19,16,0.006553979124873877,0.0001088844146579504
19,17,0.006540664471685886,0.00010881399066420272
19,18,0.006537000183016062,0.00010879645560635254
19,19,0.006548790261149406,0.00010896613821387291
19,20,0.006564949173480272,0.00010897081665461883
19,21,0.006536406930536032,0.00010878406465053558
19,22,0.0065528880804777145,0.0001091145895770751
19,23,0.006556497421115637,0.00010895446757785976
19,24,0.006547314114868641,0.00010910447599599138
19,25,0.00656267162412405,0.00010926543473033234
19,26,0.0065580131486058235,0.00010910970013355836
19,27,0.006572012323886156,0.00010965508408844471
19,28,0.006568294949829578,0.00010965295950882137
19,29,0.006562394089996815,0.0001094381877919659
19,30,0.0065590981394052505,0.0001093577011488378
19,31,0.006566411815583706,0.00010951728472718969
19,32,0.00656931521371007,0.00010961902444250882
19,33,0.006572319194674492,0.0001097473141271621
19,34,0.00657232478260994,0.00010972372547257692
19,35,0.006564317271113396,0.00010982209641952068
19,36,0.006567120552062988,0.00010971746814902872
19,37,0.006581561174243689,0.00010979064973071218
19,38,0.006584431976079941,0.00011000199447153136
19,39,0.006573432125151157,0.00011007388820871711
19,40,0.0065933708101511,0.00011005240230588242
19,41,0.006586889270693064,0.00011038212687708437
19,42,0.006596071645617485,0.00011036689829779789
19,43,0.006602114997804165,0.00011041834659408778
19,44,0.006602186243981123,0.00011043208360206336
19,45,0.006591105833649635,0.00011049714521504939
19,46,0.006598259322345257,0.00011074301437474787
19,47,0.006598787847906351,0.00011078541865572333
19,48,0.006586533039808273,0.00011072521738242358
19,49,0.0065954746678471565,0.00011047134466934949
19,50,0.0066082654520869255,0.00011107908358098939
19,51,0.006606646813452244,0.0001111524470616132
19,52,0.006610620766878128,0.00011119464033981785
19,53,0.006619280204176903,0.00011122876458102837
19,54,0.006632624194025993,0.00011154574895044789
19,55,0.006628112867474556,0.00011187059863004833
20,0,0.006546067539602518,0.00010909912816714495
20,1,0.006541294511407614,0.00010917197505477816
20,2,0.006550323683768511,0.00010923508671112359
20,3,0.006560442969202995,0.0001090570876840502
20,4,0.00654060672968626,0.00010924421076197177
20,5,0.00655272277072072,0.00010911239223787561
20,6,0.006547518074512482,0.00010901834320975468
20,7,0.006550684571266174,0.00010918999032583088
20,8,0.006555458065122366,0.00010941459913738072
20,9,0.0065788766369223595,0.00010959714563796297
20,10,0.006553487852215767,0.0001090157384169288
20,11,0.006573280785232782,0.00010990456212311983
20,12,0.0065712695941329,0.00010954969911836088
20,13,0.006574440747499466,0.00010961401858367026
20,14,0.00656541483476758,0.00010947808914352208
20,15,0.0065649449825286865,0.0001095028201234527
20,16,0.0065666912123560905,0.00010954144090646878
20,17,0.006572401151061058,0.00010970885341521353
20,18,0.006580508779734373,0.00010992882016580552
20,19,0.006571416277438402,0.00010984083928633481
20,20,0.006593987811356783,0.00011012334289262071
20,21,0.006579221226274967,0.00010986265260726213
20,22,0.0065828170627355576,0.00010977016791002825
20,23,0.006584652699530125,0.00011010898742824793
20,24,0.006575891748070717,0.00011008204455720261
20,25,0.006583179347217083,0.00011016277858288959
20,26,0.0065912725403904915,0.00011013573384843767
20,27,0.00659618154168129,0.00011012235336238518
20,28,0.006577062886208296,0.00011006036220351234
20,29,0.006595552898943424,0.00011034589260816574
20,30,0.006597757805138826,0.0001103544927900657
20,31,0.006595599930733442,0.00011031572648789734
20,32,0.006580646149814129,0.00011036973592126742
20,33,0.006598239298909903,0.00011077346425736323
20,34,0.006586441770195961,0.0001105913397623226
20,35,0.0065858568996191025,0.00011034747876692563
20,36,0.00660248938947916,0.00011058462405344471
20,37,0.006603679619729519,0.00011072297638747841
20,38,0.006601134315133095,0.00011069269385188818
20,39,0.006600845605134964,0.00011087020538980141
20,40,0.006591417361050844,0.00011070079199271277
20,41,0.006586158648133278,0.00011078943498432636
20,42,0.006599674932658672,0.00011088373139500618
20,43,0.006609255913645029,0.00011125425953650847
20,44,0.006603315472602844,0.00011115324741695076
20,45,0.006619160994887352,0.00011124732554890215
20,46,0.00661666551604867,0.00011123245349153876
20,47,0.006613804493099451,0.00011137066758237779
20,48,0.006635235156863928,0.00011157367407577112
20,49,0.006621103733778,0.00011162308510392904
20,50,0.006621613632887602,0.00011171732330694795
20,51,0.00662019569426775,0.00011167826596647501
20,52,0.0066367508843541145,0.00011194758553756401
20,53,0.0066498625092208385,0.00011201819143025205
20,54,0.006654579192399979,0.00011246794019825757
20,55,0.006665436085313559,0.00011272735719103366
21,0,0.006558880675584078,0.00010967456182697788
21,1,0.006562447175383568,0.00010961399675579742
21,2,0.006585604511201382,0.00010984497203025967
21,3,0.0065589770674705505,0.00010949989518849179
21,4,0.006578401662409306,0.00010986732377205044
21,5,0.006579742766916752,0.00010995826596627012
21,6,0.006588200572878122,0.00011009704758180305
21,7,0.006574292667210102,0.00010984364780597389
21,8,0.006567639764398336,0.0001096338892239146
21,9,0.00658295676112175,0.00011007895227521658
21,10,0.006590660661458969,0.00011040848039556295
21,11,0.006578960455954075,0.00011015317431883886
21,12,0.006602546665817499,0.00011021257523680106
21,13,0.0065888287499547005,0.00011022307444363832
21,14,0.006571662612259388,0.00011027534492313862
21,15,0.0065955063328146935,0.0001103939357562922
21,16,0.006583807524293661,0.00011011587048415095
21,17,0.006595662795007229,0.00011037488002330065
21,18,0.006585976108908653,0.000110211520222947
21,19,0.0065898592583835125,0.00011046188592445105
21,20,0.006606675684452057,0.00011056235962314531
21,21,0.006585491355508566,0.00011054133938159794
21,22,0.006596905644983053,0.0001104954571928829
21,23,0.00660277996212244,0.00011060895485570654
21,24,0.006601001136004925,0.0001106432027881965
21,25,0.0065943473018705845,0.00011063357669627294
21,26,0.00660875765606761,0.00011091916530858725
21,27,0.0066040558740496635,0.00011075261136284098
21,28,0.006608828902244568,0.00011084467405453324
21,29,0.006606997922062874,0.00011080714466515929
21,30,0.00660652294754982,0.00011108689795946702
21,31,0.006597843952476978,0.0001110201483243145
21,32,0.006597412750124931,0.00011109662591479719
21,33,0.006615137215703726,0.00011157533299410716
21,34,0.006623916327953339,0.0001114595215767622
21,35,0.006619259715080261,0.00011134517990285531
21,36,0.006611409597098827,0.00011110703053418547
21,37,0.006620826665312052,0.00011150342470500618
21,38,0.006624545902013779,0.00011143434676341712
21,39,0.00663555134087801,0.0001116318890126422
21,40,0.006636331789195538,0.00011179832654306665
21,41,0.006626018323004246,0.00011146428005304188
21,42,0.006633012555539608,0.00011170973448315635
21,43,0.006642816588282585,0.00011170959623996168
21,44,0.006643098779022694,0.00011189300857950002
21,45,0.006637025624513626,0.00011239745072089136
21,46,0.006650226656347513,0.00011224477930227295
21,47,0.0066481041721999645,0.00011241998436162248
21,48,0.006655542645603418,0.00011268480739090592
21,49,0.006664613727480173,0.00011277507292106748
21,50,0.0066498639062047005,0.00011264392378507182
21,51,0.0066674575209617615,0.00011288323003100231
21,52,0.0066590821370482445,0.00011259597522439435
21,53,0.006679665297269821,0.00011313645518384874
21,54,0.006677091121673584,0.00011330513370921835
21,55,0.006690393202006817,0.00011368036939529702
22,0,0.006590341683477163,0.00011041144171031192
22,1,0.006575867533683777,0.00011042731057386845
22,2,0.006604363210499287,0.00011054505011998117
22,3,0.006595392245799303,0.00011056361836381257
22,4,0.006588699296116829,0.00011067809100495651
22,5,0.006593106314539909,0.00011059427197324112
22,6,0.006602072156965733,0.00011093111970694736
22,7,0.0066201225854456425,0.00011076596274506301
22,8,0.006599396001547575,0.00011075694055762142
22,9,0.006603461690247059,0.0001106937270378694
22,10,0.00660588126629591,0.00011098702816525474
22,11,0.006605097092688084,0.00011054425704060122
22,12,0.006601758301258087,0.0001107680654968135
22,13,0.006610530894249678,0.00011102185817435384
22,14,0.006612419616430998,0.0001110388184315525
22,15,0.006591358222067356,0.00011081102275056764
22,16,0.006614630110561848,0.00011109608749393374
22,17,0.006619369611144066,0.00011107257887488231
22,18,0.006618880666792393,0.00011120244744233787
22,19,0.006611566059291363,0.0001111833262257278
22,20,0.006617353297770023,0.00011131927749374881
22,21,0.006622686516493559,0.00011131958308396861
22,22,0.006615855731070042,0.00011147143959533423
22,23,0.006602422334253788,0.00011137331603094935
22,24,0.0066257319413125515,0.00011151016224175692
22,25,0.006625116802752018,0.00011137960245832801
22,26,0.006613992154598236,0.00011161096335854381
22,27,0.006627615541219711,0.00011165122123202309
22,28,0.006638352759182453,0.00011157611879752949
22,29,0.006634728983044624,0.0001117989158956334
22,30,0.006623237393796444,0.00011161940346937627
22,31,0.0066340346820652485,0.00011198588617844507
22,32,0.0066337138414382935,0.00011182423622813076
22,33,0.006646495312452316,0.00011233338591409847
22,34,0.0066423192620277405,0.00011213860125280917
22,35,0.006651889532804489,0.0001120658271247521
22,36,0.006665163207799196,0.00011233854456804693
22,37,0.006655733101069927,0.00011230343079660088
22,38,0.006644118577241898,0.00011200372682651505
22,39,0.006651359144598246,0.00011230661766603589
22,40,0.006648506037890911,0.00011237974831601605
22,41,0.006653317715972662,0.00011246671056142077
22,42,0.006643539294600487,0.00011260649625910446
22,43,0.006666924804449081,0.00011250761599512771
22,44,0.006658393889665604,0.00011274054850218818
22,45,0.006678711622953415,0.00011313574941596016
22,46,0.006665640510618687,0.00011294035357423127
22,47,0.006659016944468021,0.00011258418089710176
22,48,0.006679299287497997,0.00011301576159894466
22,49,0.006689469330012798,0.00011340014316374436
22,50,0.006719841621816158,0.00011383339733583853
22,51,0.006698266603052616,0.00011354556045262143
22,52,0.006679788697510958,0.00011354401067364961
22,53,0.006695614196360111,0.0001138810403062962
22,54,0.00669508334249258,0.00011389757128199562
22,55,0.006702689453959465,0.00011423565592849627
23,0,0.0066228266805410385,0.00011151243961649016
23,1,0.006616171915084124,0.00011121245916001499
23,2,0.006623940542340279,0.00011118652037112042
23,3,0.006609839852899313,0.00011119942791992798
23,4,0.0066207521595060825,0.00011169139906996861
23,5,0.006633967161178589,0.00011155706306453794
23,6,0.006626226007938385,0.00011160591384395957
23,7,0.00662498502060771,0.00011150670616189018
23,8,0.0066217901185154915,0.00011155247193528339
23,9,0.006623090244829655,0.00011151730723213404
23,10,0.006634495221078396,0.00011165120668010786
23,11,0.006620813626796007,0.00011159579298691824
23,12,0.0066240946762263775,0.00011160896974615753
23,13,0.006642565131187439,0.00011198049469385296
23,14,0.0066358549520373344,0.0001119111038860865
23,15,0.00664703780785203,0.00011193876707693562
23,16,0.006640758365392685,0.00011231276585021988
23,17,0.006640571169555187,0.00011200776498299092
23,18,0.006638399790972471,0.00011228868243051693
23,19,0.006633540149778128,0.00011188333155587316
23,20,0.006636320147663355,0.00011220998567296192
23,21,0.006640197709202766,0.00011225605703657493
23,22,0.0066438643261790276,0.00011226035712752491
23,23,0.006654584314674139,0.00011261729378020391
23,24,0.006644944194704294,0.00011256120342295617
23,25,0.0066446904093027115,0.0001125413691624999
23,26,0.006658830679953098,0.00011260151950409636
23,27,0.0066548362374305725,0.00011222672765143216
23,28,0.006662385072559118,0.000112318062747363
23,29,0.0066499486565589905,0.00011265369539614767
23,30,0.006664297543466091,0.00011255904246354476
23,31,0.006666718050837517,0.0001129095908254385
23,32,0.006670000962913036,0.00011288726818747818
23,33,0.006651077885180712,0.00011248201917624101
23,34,0.006659049075096846,0.00011291306873317808
23,35,0.006676596589386463,0.00011304907820886001
23,36,0.006662099156528711,0.00011303160135867074
23,37,0.006667760666459799,0.00011307465319987386
23,38,0.006687476299703121,0.00011328332766424865
23,39,0.006685084197670221,0.00011350439308444038
23,40,0.006672708783298731,0.00011335068847984076
23,41,0.006668632384389639,0.000113317983050365
23,42,0.006687070243060589,0.00011376471957191825
23,43,0.006678501609712839,0.00011357938637956977
23,44,0.0066869379952549934,0.00011368403647793457
23,45,0.0066759781911969185,0.00011372092558303848
23,46,0.006691052578389645,0.0001137007275247015
23,47,0.0066917892545461655,0.00011380606883903965
23,48,0.006696886382997036,0.00011411920422688127
23,49,0.006694981828331947,0.00011407348210923374
23,50,0.006715625524520874,0.00011406582780182362
23,51,0.006711138412356377,0.0001145131973316893
23,52,0.006709333509206772,0.00011446025018813089
23,53,0.006728224456310272,0.00011486970470286906
23,54,0.006738873198628426,0.00011507049930514768
23,55,0.006723102182149887,0.00011510263720992953
24,0,0.006661349441856146,0.00011256611469434574
24,1,0.00665954127907753,0.00011223967158002779
24,2,0.006655629724264145,0.00011256279685767367
24,3,0.006650610826909542,0.00011240446474403143
24,4,0.006652558222413063,0.0001123287802329287
24,5,0.006657824851572514,0.00011276770965196192
24,6,0.006656004581600428,0.00011266588990110904
24,7,0.0066565293818712234,0.00011251576506765559
24,8,0.0066454908810555935,0.00011284156062174588
24,9,0.006657411344349384,0.00011268845992162824
24,10,0.006665634922683239,0.0001127944779000245
24,11,0.006660355720669031,0.00011271533730905503
24,12,0.006672075483947992,0.0001127851428464055
24,13,0.006672839634120464,0.00011323608487145975
24,14,0.006670014932751656,0.0001128624498960562
24,15,0.006665039341896772,0.00011272458505118266
24,16,0.006667052395641804,0.00011309968977002427
24,17,0.006676552817225456,0.00011290781549178064
24,18,0.0066750082187354565,0.00011323787475703284
24,19,0.00668524531647563,0.00011345419625286013
24,20,0.00667948741465807,0.00011328932305332273
24,21,0.00667312927544117,0.00011348594853188843
24,22,0.006693764589726925,0.00011356824688846245
24,23,0.006676547694951296,0.00011348668340360746
24,24,0.006693320348858833,0.00011369049025233835
24,25,0.006687517277896404,0.00011344366066623479
24,26,0.006684130989015102,0.00011356214963598177
24,27,0.006685905158519745,0.00011333107977407053
24,28,0.006674781441688538,0.00011349554551998153
24,29,0.006690178997814655,0.0001135835045715794
24,30,0.0066820429638028145,0.00011355931201251224
24,31,0.006693996023386717,0.00011397764319553971
24,32,0.006686026230454445,0.00011377266491763294
24,33,0.006688903085887432,0.00011397847993066534
24,34,0.006699912715703249,0.00011414875916671008
24,35,0.006712385453283787,0.00011440868547651917
24,36,0.006708900444209576,0.00011417958739912137
24,37,0.0066955615766346455,0.00011407415877329186
24,38,0.006714844144880772,0.00011418027861509472
24,39,0.006691823713481426,0.00011407494457671419
24,40,0.006706140004098415,0.00011428150173742324
24,41,0.006712828762829304,0.00011437386274337769
24,42,0.006713248323649168,0.00011455298226792365
24,43,0.006702960468828678,0.00011437150533311069
24,44,0.006730209570378065,0.00011503298446768895
24,45,0.006713522598147392,0.0001146877693827264
24,46,0.0067245024256408215,0.00011510684271343052
24,47,0.006730365566909313,0.0001150925163528882
24,48,0.00672920374199748,0.00011501766857691109
24,49,0.006730083841830492,0.00011490854376461357
24,50,0.006737681571394205,0.00011513496428960934
24,51,0.006752240937203169,0.00011557612742763013
24,52,0.006752044428139925,0.00011550923227332532
24,53,0.006763448938727379,0.0001156597791123204
24,54,0.006750756874680519,0.0001158626691903919
24,55,0.006753990426659584,0.00011610485671553761
25,0,0.006714147981256247,0.00011465149145806208
25,1,0.006715679541230202,0.00011439694935688749
25,2,0.006713607348501682,0.00011445854761404917
25,3,0.006718763150274754,0.00011467831063782796
25,4,0.006721504498273134,0.00011464615818113089
25,5,0.006707768887281418,0.00011456024367362261
25,6,0.006703820079565048,0.00011434972839197144
25,7,0.006715718656778336,0.00011446065036579967
25,8,0.006727485917508602,0.00011498293315526098
25,9,0.0067092059180140495,0.00011457352957222611
25,10,0.006731007713824511,0.0001150679454440251
25,11,0.006720374338328838,0.00011447587894508615
25,12,0.006729145534336567,0.0001147272705566138
25,13,0.0067203473299741745,0.00011475191422505304
25,14,0.006711075082421303,0.00011464705312391743
25,15,0.006737976800650358,0.00011514685320435092
25,16,0.0067226467654109,0.00011505653674248606
25,17,0.006742163561284542,0.00011507330782478675
25,18,0.006735723465681076,0.00011508502211654559
25,19,0.006750487722456455,0.0001154704877990298
25,20,0.006732214707881212,0.00011515609367052093
25,21,0.006751207634806633,0.00011542463471414521
25,22,0.006742873229086399,0.00011515057849464938
25,23,0.006737262476235628,0.00011523140710778534
25,24,0.006724882405251265,0.00011522042041178793
25,25,0.0067527564242482185,0.00011575195821933448
25,26,0.006726778112351894,0.0001153947741840966
25,27,0.0067391907796263695,0.00011515872029121965
25,28,0.006741154007613659,0.00011562010331545025
25,29,0.006743307691067457,0.00011542705760803074
25,30,0.006732099689543247,0.0001154404308181256
25,31,0.006755757611244917,0.00011571196955628693
25,32,0.0067455885000526905,0.00011578830162761733
25,33,0.0067391288466751575,0.00011556655226740986
25,34,0.0067388443276286125,0.00011576808901736513
25,35,0.006758245639503002,0.00011593473027460277
25,36,0.006759985350072384,0.00011596432887017727
25,37,0.006751144304871559,0.00011619793076533824
25,38,0.006763751152902842,0.00011589189671212807
25,39,0.00676314253360033,0.00011617659765761346
25,40,0.006785144563764334,0.00011631822417257354
25,41,0.006769282277673483,0.00011612370872171596
25,42,0.006756066344678402,0.00011616576375672594
25,43,0.006785815581679344,0.00011688098311424255
25,44,0.0067608291283249855,0.00011634478869382292
25,45,0.006776922382414341,0.00011668202932924032
25,46,0.006795710418373346,0.00011692036059685051
25,47,0.006771743297576904,0.00011679994349833578
25,48,0.006778016686439514,0.00011713107232935727
25,49,0.006791839376091957,0.00011712307605193928
25,50,0.0068072727881371975,0.00011737491877283901
25,51,0.0067917536944150925,0.00011716811422957107
25,52,0.00681628193706274,0.00011772341531468555
25,53,0.006801403593271971,0.00011765262024709955
25,54,0.006796098779886961,0.0001176616206066683
25,55,0.006831108592450619,0.00011852948955493048
26,0,0.006758962757885456,0.00011664880730677396
26,1,0.0067563471384346485,0.00011594689567573369
26,2,0.0067802853882312775,0.00011631590314209461
26,3,0.006747888866811991,0.00011597092816373333
26,4,0.006776927504688501,0.00011618531425483525
26,5,0.006776073947548866,0.00011660668678814545
26,6,0.006786484736949205,0.0001167805094155483
26,7,0.006787091959267855,0.00011689576058415696
26,8,0.006779560353606939,0.00011699699825840071
26,9,0.006769174709916115,0.00011649317457340658
26,10,0.006765165366232395,0.00011685123899951577
26,11,0.006784667726606131,0.00011697543959598988
26,12,0.006781593896448612,0.00011641166202025488
26,13,0.006774304900318384,0.00011689382517943159
26,14,0.006779193412512541,0.00011674405686790124
26,15,0.006782848853617907,0.00011692094267345965
26,16,0.006765789818018675,0.00011651100794551894
26,17,0.006795174442231655,0.00011707018711604178
26,18,0.00677867978811264,0.00011710130638675764
26,19,0.006772089749574661,0.00011667498620226979
26,20,0.006800089962780476,0.00011698756134137511
26,21,0.006805505603551865,0.00011717530287569389
26,22,0.006797416135668755,0.00011702819756465033
26,23,0.006796309724450111,0.00011734909639926627
26,24,0.006796932779252529,0.00011728822573786601
26,25,0.006786778569221497,0.00011737816384993494
26,26,0.006809907965362072,0.00011746003292500973
26,27,0.006812278181314468,0.00011785982496803626
26,28,0.006785879842936993,0.00011738349712686613
26,29,0.006801038049161434,0.00011738973262254149
26,30,0.006807107478380203,0.00011787038238253444
26,31,0.006817183457314968,0.00011777895269915462
26,32,0.006800548173487186,0.00011758584150811657
26,33,0.006804951000958681,0.00011777132021961734
26,34,0.006822210270911455,0.00011802075459854677
26,35,0.006822704803198576,0.00011812149750767276
26,36,0.006807762198150158,0.00011777382314903662
26,37,0.00680786045268178,0.00011784433445427567
26,38,0.006817155051976442,0.00011814833851531148
26,39,0.006824805401265621,0.00011831278243334964
26,40,0.0068296389654278755,0.00011842904496006668
26,41,0.006822261959314346,0.00011804471432697028
26,42,0.006806632503867149,0.00011838552745757625
26,43,0.006829335354268551,0.0001182611013064161
26,44,0.006837939843535423,0.00011879565136041492
26,45,0.006826506461948156,0.0001185252403956838
26,46,0.0068323323503136635,0.00011860406812047586
26,47,0.006845751777291298,0.00011893920600414276
26,48,0.006843713112175465,0.00011906174040632322
26,49,0.006851839832961559,0.00011919505050173029
26,50,0.006856625899672508,0.00011951995838899165
26,51,0.006850278936326504,0.00011940210242755711
26,52,0.006862198002636433,0.00011942685523536056
26,53,0.006870039273053408,0.00011971933417953551
26,54,0.006873676553368568,0.00011971049389103428
26,55,0.0068844882771372795,0.00012012955994578078
27,0,0.006856315303593874,0.00011919765529455617
27,1,0.006830285303294659,0.0001188917740364559
27,2,0.006837666034698486,0.0001187424932140857
27,3,0.006855581887066364,0.00011907754378626123
27,4,0.006839432753622532,0.000119175405416172
27,5,0.006846426986157894,0.0001191089249914512
27,6,0.006848817691206932,0.00011905175779247656
27,7,0.006841027177870274,0.00011897394870175049
27,8,0.006855697836726904,0.00011941394041059539
27,9,0.006856570951640606,0.00011910711327800527
27,10,0.006837452761828899,0.00011920255201403052
27,11,0.006854627281427383,0.00011903585254913196
27,12,0.0068668220192193985,0.00011932779307244346
27,13,0.006853171624243259,0.00011947318125749007
27,14,0.00686593446880579,0.00011969207116635516
27,15,0.006851350888609886,0.00011948046449106187
27,16,0.006882505491375923,0.00011995078239124268
27,17,0.006854380015283823,0.00011951840133406222
27,18,0.0068660033866763115,0.00011981584248133004
27,19,0.00686573376879096,0.00011988901678705588
27,20,0.006884660571813583,0.00011991785140708089
27,21,0.006875263527035713,0.00011998153058812022
27,22,0.006878240033984184,0.00012011313083348796
27,23,0.006863662041723728,0.00011986283061560243
27,24,0.006884950213134289,0.00012014114327030256
27,25,0.006868555210530758,0.00011994958913419396
27,26,0.006879263557493687,0.0001200992992380634
27,27,0.006875579245388508,0.00012055675324518234
27,28,0.006889143027365208,0.00012053640966769308
27,29,0.006873803213238716,0.00012020415306324139
27,30,0.006859468761831522,0.00011982171417912468
27,31,0.00688175018876791,0.00012015682295896113
27,32,0.006884788628667593,0.00012066086492268369
27,33,0.0068976557813584805,0.00012077871360816061
27,34,0.006883041001856327,0.00012034551764372736
27,35,0.006883014924824238,0.00012040794536005706
27,36,0.006895968224853277,0.00012075137055944651
27,37,0.006884953938424587,0.00012060110020684078
27,38,0.006913252640515566,0.00012112291733501479
27,39,0.006887983530759811,0.00012096580758225173
27,40,0.006898294668644667,0.00012084867194062099
27,41,0.006916038226336241,0.00012128686648793519
27,42,0.006904776208102703,0.00012132154370192438
27,43,0.006897370330989361,0.00012115962454117835
27,44,0.006909878924489021,0.00012126721412641928
27,45,0.006895070429891348,0.00012116177822463214
27,46,0.006906791590154171,0.00012142968625994399
27,47,0.006920875050127506,0.00012128177331760526
27,48,0.006921399384737015,0.0001217292228830047
27,49,0.006927404087036848,0.00012165484804427251
27,50,0.006934680975973606,0.00012195055751362815
27,51,0.006940142251551151,0.00012229394633322954
27,52,0.006944985128939152,0.00012217185576446354
27,53,0.006932114250957966,0.00012228224659338593
27,54,0.006971444934606552,0.00012280016380827874
27,55,0.00694279046729207,0.00012266186240594834
28,0,0.006963116116821766,0.00012303639960009605
28,1,0.006948014255613089,0.00012294859334360808
28,2,0.006964351981878281,0.00012294053158257157
28,3,0.0069648753851652145,0.00012305416748858988
28,4,0.006965914275497198,0.0001234125520568341
28,5,0.006972293369472027,0.00012338555825408548
28,6,0.006962502840906382,0.00012313616753090173
28,7,0.006994110066443682,0.0001234432857017964
28,8,0.006977727636694908,0.00012339265958871692
28,9,0.006964788772165775,0.0001232840004377067
28,10,0.006980319507420063,0.00012354426144156605
28,11,0.006971737369894981,0.00012364158465061337
28,12,0.006978373508900404,0.00012363983842078596
28,13,0.006976156961172819,0.00012365146540105343
28,14,0.00696871243417263,0.0001236109819728881
28,15,0.006984250154346228,0.0001235437230207026
28,16,0.0069627920165658,0.00012334009807091206
28,17,0.006982249673455954,0.00012362404959276319
28,18,0.00699241179972887,0.00012413757212925702
28,19,0.006978791207075119,0.00012361659901216626
28,20,0.006988927721977234,0.00012391351629048586
28,21,0.006980667356401682,0.00012411399802658707
28,22,0.006998574361205101,0.00012416562822181731
28,23,0.0069995298981666565,0.00012446337495930493
28,24,0.0070077963173389435,0.0001241181744262576
28,25,0.006990994326770306,0.00012447340122889727
28,26,0.007001926191151142,0.0001242147700395435
28,27,0.006989778485149145,0.00012453352974262089
28,28,0.006980338133871555,0.0001240557321580127
28,29,0.0070022777654230595,0.00012439080455806106
28,30,0.006989752873778343,0.00012440532736945897
28,31,0.0070053571835160255,0.00012472711387090385
28,32,0.007005798630416393,0.00012461477308534086
28,33,0.007001092657446861,0.0001247837208211422
28,34,0.00700363889336586,0.00012486275227274746
28,35,0.007019958924502134,0.0001249453634954989
28,36,0.007017851807177067,0.0001249803026439622
28,37,0.007032184861600399,0.000125193502753973
28,38,0.0070108650252223015,0.00012496353883761913
28,39,0.007011025678366423,0.00012493020039983094
28,40,0.007021959871053696,0.0001252340734936297
28,41,0.007020213641226292,0.00012522970791906118
28,42,0.007024683058261871,0.00012552813859656453
28,43,0.007043018937110901,0.00012562806659843773
28,44,0.007035396061837673,0.00012619471817743033
28,45,0.007020667195320129,0.0001256714458577335
28,46,0.007027645129710436,0.00012547207006718963
28,47,0.0070463865995407104,0.000126079234178178
28,48,0.007053432520478964,0.00012619300105143338
28,49,0.007045314647257328,0.0001262235891772434
28,50,0.007047388702630997,0.00012618117034435272
28,51,0.007069824263453484,0.00012668364797718823
28,52,0.007044053636491299,0.0001264304737560451
28,53,0.007062266580760479,0.00012688460992649198
28,54,0.00708249444141984,0.0001273490343010053
28,55,0.0070852963253855705,0.00012768122542183846
29,0,0.007080051116645336,0.00012739516387227923
29,1,0.007072635926306248,0.0001276466646231711
29,2,0.007078252732753754,0.00012742971011903137
29,3,0.007103092037141323,0.0001276525727007538
29,4,0.007106270641088486,0.00012792919005732983
29,5,0.007085354067385197,0.00012783630518242717
29,6,0.007095184177160263,0.00012802700803149492
29,7,0.0071101500652730465,0.00012837813119404018
29,8,0.007100054062902927,0.0001282640005229041
29,9,0.007096085697412491,0.0001278092822758481
29,10,0.007092351093888283,0.00012790801702067256
29,11,0.0071009183302521706,0.00012811199121642858
29,12,0.007099037058651447,0.00012799014803022146
29,13,0.007102737203240395,0.00012794631766155362
29,14,0.0071161892265081406,0.0001282265584450215
29,15,0.00711205555126071,0.00012830886407755315
29,16,0.007101713679730892,0.00012825678277295083
29,17,0.007103164680302143,0.00012827254249714315
29,18,0.007105579599738121,0.00012842350406572223
29,19,0.007090937811881304,0.0001282807788811624
29,20,0.007112492807209492,0.00012861254799645394
29,21,0.007125332485884428,0.00012850140046793967
29,22,0.0071175736375153065,0.00012845371384173632
29,23,0.0071250153705477715,0.0001291030930588022
29,24,0.007118558511137962,0.00012891727965325117
29,25,0.007104311604052782,0.00012862445146311074
29,26,0.007114432752132416,0.0001285937469219789
29,27,0.007119517773389816,0.00012887007324025035
29,28,0.007117576897144318,0.00012892004451714456
29,29,0.007121717557311058,0.00012902617163490504
29,30,0.007135714404284954,0.00012921597226522863
29,31,0.007141412235796452,0.00012928973592352122
29,32,0.007144855335354805,0.00012951780809089541
29,33,0.007130051963031292,0.00012926362978760153
29,34,0.007136946078389883,0.0001294480316573754
29,35,0.007121208123862743,0.00012929648801218718
29,36,0.007152978330850601,0.00012969831004738808
29,37,0.0071441298350691795,0.00012960935418959707
29,38,0.007152506150305271,0.00012989557581022382
29,39,0.007154163438826799,0.00012996075383853167
29,40,0.00713017862290144,0.0001296729751629755
29,41,0.0071668499149382114,0.00012998406600672752
29,42,0.007156445644795895,0.00012987368972972035
29,43,0.007155576720833778,0.00013017749006394297
29,44,0.007176677230745554,0.00013047167158219963
29,45,0.007170500233769417,0.00013048219261690974
29,46,0.007171292789280415,0.00013065549137536436
29,47,0.007176687009632587,0.0001307209167862311
29,48,0.007164951413869858,0.0001309160579694435
29,49,0.007179262116551399,0.00013090255379211158
29,50,0.0071770017966628075,0.00013117182243149728
29,51,0.007190229836851358,0.00013143348041921854
29,52,0.007193295285105705,0.0001313248067162931
29,53,0.007183880545198917,0.0001315656118094921
29,54,0.007216426078230143,0.00013244776346255094
29,55,0.007225632667541504,0.00013230972399469465
30,0,0.007145210634917021,0.00012905377661809325
30,1,0.0071462225168943405,0.00012951495591551065
30,2,0.007128424011170864,0.00012920948211103678
30,3,0.00714123947545886,0.00012959784362465143
30,4,0.0071542467921972275,0.00012964665074832737
30,5,0.007138073444366455,0.00012963212793692946
30,6,0.00716029480099678,0.00012985723151359707
30,7,0.0071418387815356255,0.00012988678645342588
30,8,0.007147626020014286,0.00012976421567145735
30,9,0.007144727744162083,0.0001297123817494139
30,10,0.007134859915822744,0.00012999300088267773
30,11,0.007152409292757511,0.0001299698924412951
30,12,0.007162793539464474,0.00012990779941901565
30,13,0.007161786779761314,0.00013027209206484258
30,14,0.007142811082303524,0.0001298766437685117
30,15,0.007174550089985132,0.00013034147559665143
30,16,0.0071566845290362835,0.00013002521882299334
30,17,0.00717202527448535,0.00013055079034529626
30,18,0.007165633141994476,0.00013052430585958064
30,19,0.00715907197445631,0.00013035010488238186
30,20,0.007180738262832165,0.00013075710739940405
30,21,0.007167953997850418,0.00013060153287369758
30,22,0.007158697582781315,0.00013051369751337916
30,23,0.007156915497034788,0.00013042926730122417
30,24,0.0071894265711307526,0.00013107659469824284
30,25,0.007162344641983509,0.00013091879372950643
30,26,0.007197457365691662,0.00013092003064230084
30,27,0.007173826452344656,0.00013098631461616606
30,28,0.007176273502409458,0.00013118870265316218
30,29,0.007176885847002268,0.00013114855391904712
30,30,0.007185233756899834,0.000131049077026546
30,31,0.007193944416940212,0.00013167806901037693
30,32,0.00719991372898221,0.0001315280533162877
30,33,0.007209117989987135,0.00013181482790969312
30,34,0.0072096348740160465,0.00013179017696529627
30,35,0.007190302014350891,0.0001316012640018016
30,36,0.007204296067357063,0.00013173230399843305
30,37,0.007201339118182659,0.00013184901035856456
30,38,0.007207975257188082,0.0001319633738603443
30,39,0.007212523836642504,0.00013211602345108986
30,40,0.007214562967419624,0.00013207939628046006
30,41,0.007227359339594841,0.00013253952783998102
30,42,0.007222038693726063,0.00013229688920546323
30,43,0.007222831714898348,0.00013257766840979457
30,44,0.007222063839435577,0.0001325656339759007
30,45,0.007252266630530357,0.00013315271644387394
30,46,0.007239047903567553,0.0001329566293861717
30,47,0.007245253771543503,0.0001331208331976086
30,48,0.00724453991279006,0.00013317525736056268
30,49,0.007253090385347605,0.0001338524598395452
30,50,0.007254031952470541,0.00013351836241781712
30,51,0.007270625792443752,0.00013415582361631095
30,52,0.007270533591508865,0.0001343673502560705
30,53,0.007287002168595791,0.00013482915528584272
30,54,0.007309361826628447,0.00013577255595009774
30,55,0.007338733412325382,0.00013641257828567177
31,0,0.0073668090626597404,0.000137744311359711
31,1,0.007394148036837578,0.00013832114927936345
31,2,0.007389728911221027,0.00013819390733260661
31,3,0.0073693254962563515,0.00013778498396277428
31,4,0.007354408036917448,0.00013787880016025156
31,5,0.0073827942833304405,0.00013814291742164642
31,6,0.007388068363070488,0.00013843046326655895
31,7,0.007366723846644163,0.00013835166464559734
31,8,0.007384181953966618,0.0001384591741953045
31,9,0.007380181923508644,0.0001382618647767231
31,10,0.007401125505566597,0.00013872364070266485
31,11,0.007399145048111677,0.00013866972585674375
31,12,0.007390161976218224,0.0001390059187542647
31,13,0.00738183781504631,0.00013867988309357315
31,14,0.007400627247989178,0.00013890190166421235
31,15,0.00738154910504818,0.00013874717114958912
31,16,0.007398732006549835,0.00013917962496634573
31,17,0.007420302368700504,0.00013956123439129442
31,18,0.007399795576930046,0.00013927526015322655
31,19,0.007413308136165142,0.00013957213377580047
31,20,0.0073974644765257835,0.00013942491204943508
31,21,0.007405607961118221,0.0001397524174535647
31,22,0.007412945851683617,0.00013956258771941066
31,23,0.007415360771119595,0.00013995989866089076
31,24,0.007412029430270195,0.0001399242173647508
31,25,0.007436155341565609,0.00014024373376742005
31,26,0.007416405715048313,0.00014010188169777393
31,27,0.007430712692439556,0.000140429925522767
31,28,0.007433493621647358,0.00014040326641406864
31,29,0.007426720578223467,0.00014047269360162318
31,30,0.007422612048685551,0.00014024745905771852
31,31,0.00742378318682313,0.00014041547547094524
31,32,0.00746211176738143,0.00014134697266854346
31,33,0.0074582998640835285,0.00014115967496763915
31,34,0.007449781522154808,0.00014083091809879988
31,35,0.007445430848747492,0.00014106786693446338
31,36,0.007450682111084461,0.0001412838464602828
31,37,0.007467298768460751,0.000141365104354918
31,38,0.0074827587231993675,0.00014180252037476748
31,39,0.007476476486772299,0.00014203654427547008
31,40,0.007482108660042286,0.00014212500536814332
31,41,0.00749326404184103,0.00014275703870225698
31,42,0.007489699404686689,0.0001423457288183272
31,43,0.007479562424123287,0.00014290226681623608
31,44,0.0075002396479249,0.0001426527014700696
31,45,0.007509835995733738,0.0001435101148672402
31,46,0.007530638948082924,0.00014386251859832555
31,47,0.007519187405705452,0.00014379048661794513
31,48,0.007551860064268112,0.00014450517483055592
31,49,0.007543377578258514,0.00014461872342508286
31,50,0.007543460000306368,0.00014506702427752316
31,51,0.007583012804389,0.00014611813821829855
31,52,0.007575978524982929,0.00014596068649552763
31,53,0.007619497366249561,0.00014730704424437135
31,54,0.00762876495718956,0.00014825700782239437
31,55,0.007679188158363104,0.00015066959895193577
